Stock Symbol,Company Name,ISIN Code,Action,Quantity,Transaction Price,Brokerage,Transaction Charges,StampDuty,Segment,STT Paid/Not Paid,Remarks,Transaction Date,Exchange,
ARTMED,ARTEMIS MEDICARE SERVICES LTD,INE025R01021,Buy,90,282.00,75.02,0.80,3.81,TT,STT Paid,icicidirect,11-May-2026,NSE,
ATHENE,ATHER ENERGY LIMITED,INE0LEZ01016,Buy,46,321.00,0.00,0.00,0.00,Rolling,STT Paid,icicidirect,03-May-2025,NSE,
ATHENE,ATHER ENERGY LIMITED,INE0LEZ01016,Sell,14,954.00,39.48,0.42,0.00,TT,STT Paid,icicidirect,11-May-2026,NSE,
ATHENE,ATHER ENERGY LIMITED,INE0LEZ01016,Sell,17,954.00,47.94,0.51,0.00,TT,STT Paid,icicidirect,11-May-2026,NSE,
BAJFI,BAJAJ FINANCE LIMITED,INE296A01032,Buy,8,2021.00,104.99,0.36,0.00,Rolling,STT Paid,icicidirect,05-May-2020,NSE,
BAJFI,BAJAJ FINANCE LIMITED,INE296A01032,Buy,1,2001.60,13.00,0.04,0.00,Rolling,STT Paid,icicidirect,05-May-2020,NSE,
BAJFI,BAJAJ FINANCE LIMITED,INE296A01032,Buy,1,2001.60,13.00,0.04,0.00,Rolling,STT Paid,icicidirect,05-May-2020,NSE,
BAJFI,BAJAJ FINANCE LIMITED,INE296A01032,Buy,1,2001.60,13.00,0.04,0.00,Rolling,STT Paid,icicidirect,05-May-2020,NSE,
BAJFI,BAJAJ FINANCE LIMITED,INE296A01032,Buy,1,2001.60,13.00,0.04,3.00,Rolling,STT Paid,icicidirect,05-May-2020,NSE,
BAJFI,BAJAJ FINANCE LIMITED,INE296A01032,Buy,6,1893.85,73.79,0.25,2.00,Rolling,STT Paid,icicidirect,22-May-2020,NSE,
BAJFI,BAJAJ FINANCE LIMITED,INE296A01032,Buy,7,2897.90,131.78,0.70,0.00,Rolling,STT Paid,icicidirect,23-Jun-2020,NSE,
BAJFI,BAJAJ FINANCE LIMITED,INE296A01032,Sell,2,3496.85,45.43,0.24,0.00,Rolling,STT Paid,icicidirect,07-Sep-2020,NSE,
BAJFI,BAJAJ FINANCE LIMITED,INE296A01032,Sell,5,3496.70,113.58,0.60,0.00,Rolling,STT Paid,icicidirect,07-Sep-2020,NSE,
BAJFI,BAJAJ FINANCE LIMITED,INE296A01032,Sell,9,3333.00,88.68,1.03,0.00,Rolling,STT Paid,icicidirect,07-Oct-2020,NSE,
BAJFI,BAJAJ FINANCE LIMITED,INE296A01032,Buy,7,5213.00,107.88,1.28,6.77,Rolling,STT Paid,icicidirect,28-Apr-2021,NSE,
BAJFI,BAJAJ FINANCE LIMITED,INE296A01032,Buy,2,5213.00,30.82,0.36,0.00,Rolling,STT Paid,icicidirect,28-Apr-2021,NSE,
BAJFI,BAJAJ FINANCE LIMITED,INE296A01032,Sell,7,5713.00,118.23,1.40,0.00,Rolling,STT Paid,icicidirect,04-May-2021,NSE,
BAJFI,BAJAJ FINANCE LIMITED,INE296A01032,Sell,1,5713.00,16.89,0.20,0.00,Rolling,STT Paid,icicidirect,04-May-2021,NSE,
BAJFI,BAJAJ FINANCE LIMITED,INE296A01032,Sell,1,5713.00,16.89,0.20,0.00,Rolling,STT Paid,icicidirect,04-May-2021,NSE,
BAJFI,BAJAJ FINANCE LIMITED,INE296A01032,Sell,9,5745.00,152.82,1.60,0.00,Rolling,STT Paid,icicidirect,26-May-2021,NSE,
BAJFI,BAJAJ FINANCE LIMITED,INE296A01032,Buy,5,6990.00,17.90,1.08,1.05,Rolling,STT Paid,icicidirect,24-Aug-2021,NSE,
BAJFI,BAJAJ FINANCE LIMITED,INE296A01032,Sell,5,6970.10,17.89,1.08,0.00,Rolling,STT Paid,icicidirect,24-Aug-2021,NSE,
BAJFI,BAJAJ FINANCE LIMITED,INE296A01032,Buy,1,7846.00,3.57,0.14,0.00,Rolling,STT Paid,icicidirect,23-Sep-2021,NSE,
BAJFI,BAJAJ FINANCE LIMITED,INE296A01032,Buy,2,7846.00,7.13,0.28,1.18,Rolling,STT Paid,icicidirect,23-Sep-2021,NSE,
BAJFI,BAJAJ FINANCE LIMITED,INE296A01032,Buy,2,7846.00,7.13,0.28,0.00,Rolling,STT Paid,icicidirect,23-Sep-2021,NSE,
BAJFI,BAJAJ FINANCE LIMITED,INE296A01032,Sell,5,7950.00,17.83,0.72,0.00,Rolling,STT Paid,icicidirect,23-Sep-2021,NSE,
BAJFI,BAJAJ FINANCE LIMITED,INE296A01032,Buy,6,4318.95,76.59,0.82,4.03,TT,STT Paid,icicidirect,04-Apr-2025,NSE,
BAJFI,BAJAJ FINANCE LIMITED,INE296A01032,Buy,24,0.00,0.00,0.00,0.00,TT,STT Not Paid,icicidirect,18-Jun-2025,NSE,
BAJFI,BAJAJ FINANCE LIMITED,INE296A01032,Buy,18,880.00,46.82,0.50,2.38,TT,STT Paid,icicidirect,28-Jul-2025,NSE,
BAJFI,BAJAJ FINANCE LIMITED,INE296A01032,Sell,2,853.10,5.04,0.05,0.00,TT,STT Paid,icicidirect,12-Aug-2025,NSE,
BHAINF,INDUS TOWERS LIMITED,INE121J01017,Buy,44,225.45,64.44,0.34,2.00,Rolling,STT Paid,icicidirect,04-Sep-2020,NSE,
BHAINF,INDUS TOWERS LIMITED,INE121J01017,Buy,1,225.45,1.46,0.01,0.00,Rolling,STT Paid,icicidirect,04-Sep-2020,NSE,
BHAINF,INDUS TOWERS LIMITED,INE121J01017,Sell,45,212.00,29.56,0.33,0.00,Rolling,STT Paid,icicidirect,08-Sep-2020,NSE,
BHAINF,INDUS TOWERS LIMITED,INE121J01017,Buy,54,352.35,56.24,0.60,2.85,TT,STT Paid,icicidirect,01-Apr-2025,NSE,
BHAINF,INDUS TOWERS LIMITED,INE121J01017,Buy,45,316.00,42.03,0.45,2.00,TT,STT Paid,icicidirect,03-Sep-2025,NSE,
BHAINF,INDUS TOWERS LIMITED,INE121J01017,Sell,54,394.15,62.91,0.67,0.00,TT,STT Paid,icicidirect,04-Nov-2025,NSE,
BHAINF,INDUS TOWERS LIMITED,INE121J01017,Sell,1,442.45,1.31,0.01,0.00,TT,STT Paid,icicidirect,01-Jun-2026,NSE,
BSE,BSE LIMITED,INE118H01025,Buy,4,527.05,13.70,0.07,0.00,Rolling,STT Paid,icicidirect,02-Sep-2020,NSE,
BSE,BSE LIMITED,INE118H01025,Buy,30,527.05,102.71,0.55,3.56,Rolling,STT Paid,icicidirect,02-Sep-2020,NSE,
BSE,BSE LIMITED,INE118H01025,Buy,11,527.10,37.67,0.20,0.00,Rolling,STT Paid,icicidirect,02-Sep-2020,NSE,
BSE,BSE LIMITED,INE118H01025,Sell,20,531.05,31.40,0.37,0.00,Rolling,STT Paid,icicidirect,09-Sep-2020,NSE,
BSE,BSE LIMITED,INE118H01025,Sell,25,538.70,39.81,0.46,0.00,Rolling,STT Paid,icicidirect,25-Sep-2020,NSE,
BSE,BSE LIMITED,INE118H01025,Buy,72,675.00,143.68,1.70,7.58,Rolling,STT Paid,icicidirect,06-May-2021,NSE,
BSE,BSE LIMITED,INE118H01025,Sell,1,704.90,2.08,0.02,0.00,Rolling,STT Paid,icicidirect,07-May-2021,NSE,
BSE,BSE LIMITED,INE118H01025,Sell,35,704.90,72.94,0.86,0.00,Rolling,STT Paid,icicidirect,07-May-2021,NSE,
BSE,BSE LIMITED,INE118H01025,Sell,36,705.85,75.12,0.89,0.00,Rolling,STT Paid,icicidirect,07-May-2021,NSE,
BSE,BSE LIMITED,INE118H01025,Buy,45,894.00,17.92,1.25,1.21,Rolling,STT Paid,icicidirect,26-May-2021,NSE,
BSE,BSE LIMITED,INE118H01025,Sell,1,876.85,0.40,0.03,0.00,Rolling,STT Paid,icicidirect,26-May-2021,NSE,
BSE,BSE LIMITED,INE118H01025,Sell,44,876.85,17.52,1.20,0.00,Rolling,STT Paid,icicidirect,26-May-2021,NSE,
BSE,BSE LIMITED,INE118H01025,Buy,27,1200.55,95.80,1.00,4.60,Rolling,STT Paid,icicidirect,31-Aug-2021,NSE,
BSE,BSE LIMITED,INE118H01025,Sell,27,1185.60,94.54,0.58,0.00,Rolling,STT Paid,icicidirect,02-Sep-2021,NSE,
BSE,BSE LIMITED,INE118H01025,Buy,27,1245.00,99.27,0.61,1.01,Rolling,STT Paid,icicidirect,09-Sep-2021,NSE,
BSE,BSE LIMITED,INE118H01025,Sell,1,1238.00,0.00,0.02,0.00,Rolling,STT Paid,icicidirect,09-Sep-2021,NSE,
BSE,BSE LIMITED,INE118H01025,Sell,5,1238.00,0.02,0.11,0.00,Rolling,STT Paid,icicidirect,09-Sep-2021,NSE,
BSE,BSE LIMITED,INE118H01025,Sell,21,1238.00,0.08,0.47,0.00,Rolling,STT Paid,icicidirect,09-Sep-2021,NSE,
BSE,BSE LIMITED,INE118H01025,Buy,27,1332.00,17.82,0.65,1.08,Rolling,STT Paid,icicidirect,08-Oct-2021,NSE,
BSE,BSE LIMITED,INE118H01025,Sell,7,1335.55,4.62,0.17,0.00,Rolling,STT Paid,icicidirect,08-Oct-2021,NSE,
BSE,BSE LIMITED,INE118H01025,Sell,9,1335.70,5.94,0.22,0.00,Rolling,STT Paid,icicidirect,08-Oct-2021,NSE,
BSE,BSE LIMITED,INE118H01025,Sell,11,1335.50,7.26,0.26,0.00,Rolling,STT Paid,icicidirect,08-Oct-2021,NSE,
BSE,BSE LIMITED,INE118H01025,Buy,27,1334.00,106.37,0.65,5.86,Rolling,STT Paid,icicidirect,08-Oct-2021,NSE,
BSE,BSE LIMITED,INE118H01025,Sell,1,1556.00,4.60,0.03,0.00,Rolling,STT Paid,icicidirect,17-Nov-2021,NSE,
BSE,BSE LIMITED,INE118H01025,Sell,14,1556.00,64.33,0.39,0.00,Rolling,STT Paid,icicidirect,17-Nov-2021,NSE,
BSE,BSE LIMITED,INE118H01025,Sell,12,1556.05,55.14,0.34,0.00,Rolling,STT Paid,icicidirect,17-Nov-2021,NSE,
BSE,BSE LIMITED,INE118H01025,Buy,8,2287.00,54.03,0.33,0.00,Rolling,STT Paid,icicidirect,14-Dec-2021,NSE,
BSE,BSE LIMITED,INE118H01025,Buy,10,2287.00,67.54,0.41,6.00,Rolling,STT Paid,icicidirect,14-Dec-2021,NSE,
BSE,BSE LIMITED,INE118H01025,Buy,36,0.00,0.00,0.00,0.00,Rolling,STT Not Paid,icicidirect,30-Mar-2022,NSE,
BSE,BSE LIMITED,INE118H01025,Buy,1,622.00,1.84,0.01,0.00,Rolling,STT Paid,icicidirect,27-Sep-2022,NSE,
BSE,BSE LIMITED,INE118H01025,Buy,8,622.00,14.70,0.12,0.00,Rolling,STT Paid,icicidirect,27-Sep-2022,NSE,
BSE,BSE LIMITED,INE118H01025,Buy,18,622.00,33.08,0.26,3.00,Rolling,STT Paid,icicidirect,27-Sep-2022,NSE,
BSE,BSE LIMITED,INE118H01025,Sell,10,593.95,17.55,0.17,0.00,Rolling,STT Paid,icicidirect,01-Nov-2022,NSE,
BSE,BSE LIMITED,INE118H01025,Sell,17,593.95,29.84,0.29,0.00,Rolling,STT Paid,icicidirect,01-Nov-2022,NSE,
BSE,BSE LIMITED,INE118H01025,Sell,25,526.75,38.92,0.38,0.00,TT,STT Paid,icicidirect,08-May-2023,NSE,
BSE,BSE LIMITED,INE118H01025,Sell,2,526.75,3.11,0.03,0.00,TT,STT Paid,icicidirect,08-May-2023,NSE,
BSE,BSE LIMITED,INE118H01025,Sell,27,667.00,53.24,0.60,0.00,TT,STT Paid,icicidirect,04-Jul-2023,NSE,
BSE,BSE LIMITED,INE118H01025,Buy,4,4023.90,47.57,0.51,2.00,TT,STT Paid,icicidirect,10-Mar-2025,NSE,
BSE,BSE LIMITED,INE118H01025,Buy,4,5168.00,61.10,0.66,5.67,TT,STT Paid,icicidirect,07-Apr-2025,NSE,
BSE,BSE LIMITED,INE118H01025,Buy,4,5091.80,60.20,0.65,0.00,TT,STT Paid,icicidirect,07-Apr-2025,NSE,
BSE,BSE LIMITED,INE118H01025,Buy,24,0.00,0.00,0.00,0.00,TT,STT Not Paid,icicidirect,27-May-2025,NSE,
BSE,BSE LIMITED,INE118H01025,Buy,6,2665.00,47.26,0.51,2.40,TT,STT Paid,icicidirect,04-Jul-2025,NSE,
BSE,BSE LIMITED,INE118H01025,Buy,7,2039.70,42.20,0.45,2.14,TT,STT Paid,icicidirect,26-Sep-2025,NSE,
BSE,BSE LIMITED,INE118H01025,Sell,4,4355.00,51.49,0.55,0.00,TT,STT Paid,icicidirect,27-May-2026,NSE,
CANROB,CANARA ROBECO ASSET MANAGEMENT,INE218I01013,Buy,56,266.00,0.00,0.00,0.00,Rolling,STT Paid,icicidirect,15-Oct-2025,NSE,
CENTEX,ADITYA BIRLA REAL ESTATE LTD,INE055A01016,Buy,18,1998.00,106.30,1.14,5.00,TT,STT Paid,icicidirect,24-Apr-2025,NSE,
CENTEX,ADITYA BIRLA REAL ESTATE LTD,INE055A01016,Sell,1,1883.00,14.76,0.06,0.00,TT,STT Paid,icicidirect,25-Apr-2025,NSE,
CENTEX,ADITYA BIRLA REAL ESTATE LTD,INE055A01016,Sell,1,1882.80,14.76,0.06,0.00,TT,STT Paid,icicidirect,25-Apr-2025,NSE,
CENTEX,ADITYA BIRLA REAL ESTATE LTD,INE055A01016,Buy,1,1851.00,5.47,0.06,0.00,TT,STT Paid,icicidirect,19-Aug-2025,NSE,
CENTEX,ADITYA BIRLA REAL ESTATE LTD,INE055A01016,Buy,8,1850.00,43.74,0.47,3.00,TT,STT Paid,icicidirect,19-Aug-2025,NSE,
CENTEX,ADITYA BIRLA REAL ESTATE LTD,INE055A01016,Buy,1,1662.70,4.91,0.05,0.00,TT,STT Paid,icicidirect,29-Sep-2025,NSE,
CENTEX,ADITYA BIRLA REAL ESTATE LTD,INE055A01016,Buy,1,1662.60,4.91,0.05,0.00,TT,STT Paid,icicidirect,29-Sep-2025,NSE,
CENTEX,ADITYA BIRLA REAL ESTATE LTD,INE055A01016,Buy,4,1662.20,19.65,0.21,1.79,TT,STT Paid,icicidirect,29-Sep-2025,NSE,
CENTEX,ADITYA BIRLA REAL ESTATE LTD,INE055A01016,Buy,3,1662.20,14.74,0.16,0.00,TT,STT Paid,icicidirect,29-Sep-2025,NSE,
CENTEX,ADITYA BIRLA REAL ESTATE LTD,INE055A01016,Sell,1,1573.50,4.65,0.05,0.00,TT,STT Paid,icicidirect,06-Oct-2025,NSE,
CENTEX,ADITYA BIRLA REAL ESTATE LTD,INE055A01016,Buy,10,1372.00,40.55,0.43,2.00,TT,STT Paid,icicidirect,06-Feb-2026,NSE,
DIXTEC,DIXON TECHNOLOGIES INDIA LTD,INE935N01020,Buy,2,16835.00,99.52,1.07,5.27,TT,STT Paid,icicidirect,20-May-2025,NSE,
DIXTEC,DIXON TECHNOLOGIES INDIA LTD,INE935N01020,Sell,1,15350.00,45.37,0.49,0.00,TT,STT Paid,icicidirect,21-May-2025,NSE,
DIXTEC,DIXON TECHNOLOGIES INDIA LTD,INE935N01020,Buy,1,15115.00,44.68,0.48,1.85,TT,STT Paid,icicidirect,26-May-2025,NSE,
EICMOT,EICHER MOTORS LTD,INE066A01021,Buy,1,18411.15,119.60,0.64,2.00,Rolling,STT Paid,icicidirect,24-Jun-2020,NSE,
EICMOT,EICHER MOTORS LTD,INE066A01021,Sell,1,21275.00,138.21,0.73,0.00,Rolling,STT Paid,icicidirect,30-Jul-2020,NSE,
EICMOT,EICHER MOTORS LTD,INE066A01021,Buy,25,2577.50,190.45,2.00,10.00,Rolling,STT Paid,icicidirect,26-Aug-2021,NSE,
EICMOT,EICHER MOTORS LTD,INE066A01021,Sell,25,2475.00,182.85,1.79,0.00,Rolling,STT Paid,icicidirect,29-Mar-2022,NSE,
EICMOT,EICHER MOTORS LTD,INE066A01021,Buy,25,2442.00,180.42,1.77,9.00,Rolling,STT Paid,icicidirect,31-Mar-2022,NSE,
EICMOT,EICHER MOTORS LTD,INE066A01021,Sell,2,3506.00,20.73,0.23,0.00,Rolling,STT Paid,icicidirect,25-Aug-2022,NSE,
EICMOT,EICHER MOTORS LTD,INE066A01021,Sell,5,3506.00,51.82,0.58,0.00,Rolling,STT Paid,icicidirect,25-Aug-2022,NSE,
EICMOT,EICHER MOTORS LTD,INE066A01021,Buy,6,2960.00,52.50,0.59,3.00,TT,STT Paid,icicidirect,22-Mar-2023,NSE,
EICMOT,EICHER MOTORS LTD,INE066A01021,Sell,6,4775.95,84.71,0.98,0.00,TT,STT Paid,icicidirect,23-May-2024,NSE,
EICMOT,EICHER MOTORS LTD,INE066A01021,Buy,3,4995.30,44.29,0.48,2.00,TT,STT Paid,icicidirect,11-Feb-2025,NSE,
EICMOT,EICHER MOTORS LTD,INE066A01021,Buy,3,4826.05,42.79,0.46,2.17,TT,STT Paid,icicidirect,04-Mar-2025,NSE,
EICMOT,EICHER MOTORS LTD,INE066A01021,Buy,3,7260.00,64.38,0.69,3.74,TT,STT Paid,icicidirect,09-Mar-2026,NSE,
EICMOT,EICHER MOTORS LTD,INE066A01021,Buy,2,6749.00,39.90,0.43,2.02,TT,STT Paid,icicidirect,16-Mar-2026,NSE,
GODPRO,GODREJ PROPERTIES LIMITED,INE484J01027,Buy,25,1411.00,104.26,1.09,5.76,Rolling,STT Paid,icicidirect,03-Jun-2021,NSE,
GODPRO,GODREJ PROPERTIES LIMITED,INE484J01027,Sell,25,1408.00,104.04,1.09,0.00,Rolling,STT Paid,icicidirect,07-Jun-2021,NSE,
GODPRO,GODREJ PROPERTIES LIMITED,INE484J01027,Buy,18,1896.00,17.81,0.61,1.00,Rolling,STT Paid,icicidirect,22-Sep-2021,NSE,
GODPRO,GODREJ PROPERTIES LIMITED,INE484J01027,Sell,18,1947.90,17.81,0.63,0.00,Rolling,STT Paid,icicidirect,22-Sep-2021,NSE,
GODPRO,GODREJ PROPERTIES LIMITED,INE484J01027,Buy,18,2080.00,17.82,0.67,1.12,Rolling,STT Paid,icicidirect,23-Sep-2021,NSE,
GODPRO,GODREJ PROPERTIES LIMITED,INE484J01027,Sell,18,2281.00,17.83,0.74,0.00,Rolling,STT Paid,icicidirect,23-Sep-2021,NSE,
GODPRO,GODREJ PROPERTIES LIMITED,INE484J01027,Buy,18,1970.05,104.72,0.64,5.04,Rolling,STT Paid,icicidirect,07-Dec-2021,NSE,
GODPRO,GODREJ PROPERTIES LIMITED,INE484J01027,Buy,9,1659.90,44.15,0.42,2.24,Rolling,STT Paid,icicidirect,24-Jan-2022,NSE,
GODPRO,GODREJ PROPERTIES LIMITED,INE484J01027,Sell,27,1630.00,130.06,1.28,0.00,Rolling,STT Paid,icicidirect,29-Mar-2022,NSE,
GODPRO,GODREJ PROPERTIES LIMITED,INE484J01027,Buy,27,1400.00,111.71,1.10,5.82,Rolling,STT Paid,icicidirect,09-May-2022,NSE,
GODPRO,GODREJ PROPERTIES LIMITED,INE484J01027,Sell,5,1467.00,21.68,0.21,0.00,Rolling,STT Paid,icicidirect,02-Aug-2022,NSE,
GODPRO,GODREJ PROPERTIES LIMITED,INE484J01027,Sell,2,1467.00,8.67,0.08,0.00,Rolling,STT Paid,icicidirect,02-Aug-2022,NSE,
GODPRO,GODREJ PROPERTIES LIMITED,INE484J01027,Sell,15,1467.00,65.03,0.63,0.00,Rolling,STT Paid,icicidirect,02-Aug-2022,NSE,
GODPRO,GODREJ PROPERTIES LIMITED,INE484J01027,Sell,5,1467.00,21.68,0.21,0.00,Rolling,STT Paid,icicidirect,02-Aug-2022,NSE,
GODPRO,GODREJ PROPERTIES LIMITED,INE484J01027,Buy,9,2473.00,65.79,0.71,3.00,TT,STT Paid,icicidirect,06-Jun-2025,NSE,
GODPRO,GODREJ PROPERTIES LIMITED,INE484J01027,Buy,1,2117.20,6.26,0.07,0.00,TT,STT Paid,icicidirect,28-Jul-2025,NSE,
GODPRO,GODREJ PROPERTIES LIMITED,INE484J01027,Buy,5,2117.20,31.29,0.34,2.22,TT,STT Paid,icicidirect,28-Jul-2025,NSE,
GODPRO,GODREJ PROPERTIES LIMITED,INE484J01027,Buy,1,2117.20,6.26,0.07,0.00,TT,STT Paid,icicidirect,28-Jul-2025,NSE,
GODPRO,GODREJ PROPERTIES LIMITED,INE484J01027,Sell,7,2071.50,42.86,0.46,0.00,TT,STT Paid,icicidirect,01-Aug-2025,NSE,
GODPRO,GODREJ PROPERTIES LIMITED,INE484J01027,Buy,10,1575.20,46.56,0.50,2.36,TT,STT Paid,icicidirect,30-Jan-2026,NSE,
HINZIN,HINDUSTAN ZINC LTD,INE267A01025,Buy,150,321.60,18.00,1.69,1.45,Rolling,STT Paid,icicidirect,27-Apr-2021,NSE,
HINZIN,HINDUSTAN ZINC LTD,INE267A01025,Sell,150,318.50,18.00,1.67,0.00,Rolling,STT Paid,icicidirect,27-Apr-2021,NSE,
HINZIN,HINDUSTAN ZINC LTD,INE267A01025,Buy,24,640.70,45.45,0.49,2.31,TT,STT Paid,icicidirect,30-Jan-2026,NSE,
ICIBAN,ICICI BANK LIMITED,INE090A01021,Buy,63,373.65,152.92,0.81,3.71,Rolling,STT Paid,icicidirect,07-Sep-2020,NSE,
ICIBAN,ICICI BANK LIMITED,INE090A01021,Sell,63,369.35,68.79,0.80,0.00,Rolling,STT Paid,icicidirect,16-Sep-2020,NSE,
ICIBAN,ICICI BANK LIMITED,INE090A01021,Buy,7,735.50,15.20,0.09,0.00,Rolling,STT Paid,icicidirect,07-Dec-2021,NSE,
ICIBAN,ICICI BANK LIMITED,INE090A01021,Buy,38,735.50,82.54,0.50,4.96,Rolling,STT Paid,icicidirect,07-Dec-2021,NSE,
ICIBAN,ICICI BANK LIMITED,INE090A01021,Buy,18,798.00,42.45,0.40,2.15,Rolling,STT Paid,icicidirect,24-Jan-2022,NSE,
ICIBAN,ICICI BANK LIMITED,INE090A01021,Sell,63,715.00,133.12,1.31,0.00,Rolling,STT Paid,icicidirect,29-Mar-2022,NSE,
ICIBAN,ICICI BANK LIMITED,INE090A01021,Buy,12,1203.00,42.67,0.46,1.95,TT,STT Paid,icicidirect,21-Jan-2025,NSE,
ICIBAN,ICICI BANK LIMITED,INE090A01021,Buy,12,1294.00,45.90,0.49,2.33,TT,STT Paid,icicidirect,07-Apr-2025,NSE,
INDEN,INDIAN ENERGY EXCHANGE LIMITED,INE022Q01020,Buy,90,552.00,17.98,1.54,1.49,Rolling,STT Paid,icicidirect,01-Sep-2021,NSE,
INDEN,INDIAN ENERGY EXCHANGE LIMITED,INE022Q01020,Sell,90,562.05,17.98,1.57,0.00,Rolling,STT Paid,icicidirect,01-Sep-2021,NSE,
INDEN,INDIAN ENERGY EXCHANGE LIMITED,INE022Q01020,Buy,54,562.00,89.70,0.94,4.28,Rolling,STT Paid,icicidirect,01-Sep-2021,NSE,
INDEN,INDIAN ENERGY EXCHANGE LIMITED,INE022Q01020,Sell,50,546.85,80.75,0.49,0.00,Rolling,STT Paid,icicidirect,03-Sep-2021,NSE,
INDEN,INDIAN ENERGY EXCHANGE LIMITED,INE022Q01020,Sell,1,546.85,1.61,0.01,0.00,Rolling,STT Paid,icicidirect,03-Sep-2021,NSE,
INDEN,INDIAN ENERGY EXCHANGE LIMITED,INE022Q01020,Sell,3,546.85,4.85,0.03,0.00,Rolling,STT Paid,icicidirect,03-Sep-2021,NSE,
INDEN,INDIAN ENERGY EXCHANGE LIMITED,INE022Q01020,Buy,72,607.00,17.84,0.79,1.31,Rolling,STT Paid,icicidirect,09-Sep-2021,NSE,
INDEN,INDIAN ENERGY EXCHANGE LIMITED,INE022Q01020,Sell,36,598.00,8.92,0.39,0.00,Rolling,STT Paid,icicidirect,09-Sep-2021,NSE,
INDEN,INDIAN ENERGY EXCHANGE LIMITED,INE022Q01020,Sell,18,598.00,4.46,0.19,0.00,Rolling,STT Paid,icicidirect,09-Sep-2021,NSE,
INDEN,INDIAN ENERGY EXCHANGE LIMITED,INE022Q01020,Sell,18,598.00,4.46,0.19,0.00,Rolling,STT Paid,icicidirect,09-Sep-2021,NSE,
INDEN,INDIAN ENERGY EXCHANGE LIMITED,INE022Q01020,Buy,90,628.80,17.88,1.02,1.70,Rolling,STT Paid,icicidirect,29-Sep-2021,NSE,
INDEN,INDIAN ENERGY EXCHANGE LIMITED,INE022Q01020,Sell,90,635.00,17.89,1.03,0.00,Rolling,STT Paid,icicidirect,29-Sep-2021,NSE,
INDEN,INDIAN ENERGY EXCHANGE LIMITED,INE022Q01020,Buy,43,646.00,82.04,0.50,8.80,Rolling,STT Paid,icicidirect,30-Sep-2021,NSE,
INDEN,INDIAN ENERGY EXCHANGE LIMITED,INE022Q01020,Buy,10,646.00,19.08,0.12,0.00,Rolling,STT Paid,icicidirect,30-Sep-2021,NSE,
INDEN,INDIAN ENERGY EXCHANGE LIMITED,INE022Q01020,Buy,5,646.00,9.54,0.06,0.00,Rolling,STT Paid,icicidirect,30-Sep-2021,NSE,
INDEN,INDIAN ENERGY EXCHANGE LIMITED,INE022Q01020,Buy,25,646.00,47.69,0.29,0.00,Rolling,STT Paid,icicidirect,30-Sep-2021,NSE,
INDEN,INDIAN ENERGY EXCHANGE LIMITED,INE022Q01020,Buy,7,646.00,13.35,0.08,0.00,Rolling,STT Paid,icicidirect,30-Sep-2021,NSE,
INDEN,INDIAN ENERGY EXCHANGE LIMITED,INE022Q01020,Buy,90,622.50,17.88,1.01,1.68,Rolling,STT Paid,icicidirect,01-Oct-2021,NSE,
INDEN,INDIAN ENERGY EXCHANGE LIMITED,INE022Q01020,Sell,4,619.00,0.79,0.04,0.00,Rolling,STT Paid,icicidirect,01-Oct-2021,NSE,
INDEN,INDIAN ENERGY EXCHANGE LIMITED,INE022Q01020,Sell,50,619.00,9.93,0.56,0.00,Rolling,STT Paid,icicidirect,01-Oct-2021,NSE,
INDEN,INDIAN ENERGY EXCHANGE LIMITED,INE022Q01020,Sell,30,619.00,5.96,0.33,0.00,Rolling,STT Paid,icicidirect,01-Oct-2021,NSE,
INDEN,INDIAN ENERGY EXCHANGE LIMITED,INE022Q01020,Sell,6,619.00,1.19,0.07,0.00,Rolling,STT Paid,icicidirect,01-Oct-2021,NSE,
INDEN,INDIAN ENERGY EXCHANGE LIMITED,INE022Q01020,Sell,1,633.60,1.87,0.01,0.00,Rolling,STT Paid,icicidirect,04-Oct-2021,NSE,
INDEN,INDIAN ENERGY EXCHANGE LIMITED,INE022Q01020,Sell,86,633.60,160.92,0.98,0.00,Rolling,STT Paid,icicidirect,04-Oct-2021,NSE,
INDEN,INDIAN ENERGY EXCHANGE LIMITED,INE022Q01020,Sell,3,633.60,5.61,0.03,0.00,Rolling,STT Paid,icicidirect,04-Oct-2021,NSE,
INDEN,INDIAN ENERGY EXCHANGE LIMITED,INE022Q01020,Buy,180,181.90,96.78,1.04,5.00,TT,STT Paid,icicidirect,15-Apr-2025,NSE,
INDEN,INDIAN ENERGY EXCHANGE LIMITED,INE022Q01020,Sell,5,206.20,3.05,0.03,0.00,TT,STT Paid,icicidirect,14-Jul-2025,NSE,
INDEN,INDIAN ENERGY EXCHANGE LIMITED,INE022Q01020,Sell,1,206.20,0.61,0.01,0.00,TT,STT Paid,icicidirect,14-Jul-2025,NSE,
INDEN,INDIAN ENERGY EXCHANGE LIMITED,INE022Q01020,Sell,83,206.20,50.59,0.54,0.00,TT,STT Paid,icicidirect,14-Jul-2025,NSE,
INDEN,INDIAN ENERGY EXCHANGE LIMITED,INE022Q01020,Sell,1,206.20,0.61,0.01,0.00,TT,STT Paid,icicidirect,14-Jul-2025,NSE,
INDEN,INDIAN ENERGY EXCHANGE LIMITED,INE022Q01020,Sell,1,206.20,0.61,0.01,0.00,TT,STT Paid,icicidirect,14-Jul-2025,NSE,
INDEN,INDIAN ENERGY EXCHANGE LIMITED,INE022Q01020,Buy,91,138.00,37.12,0.40,1.88,TT,STT Paid,icicidirect,28-Jul-2025,NSE,
INDHOT,INDIAN HOTELS CO LTD,INE053A01029,Buy,8,722.00,17.07,0.18,0.00,TT,STT Paid,icicidirect,27-Feb-2025,NSE,
INDHOT,INDIAN HOTELS CO LTD,INE053A01029,Buy,19,722.00,40.55,0.43,3.36,TT,STT Paid,icicidirect,27-Feb-2025,NSE,
INDHOT,INDIAN HOTELS CO LTD,INE053A01029,Buy,5,713.25,10.54,0.11,0.00,TT,STT Paid,icicidirect,04-Mar-2025,NSE,
INDHOT,INDIAN HOTELS CO LTD,INE053A01029,Buy,9,713.25,18.97,0.20,1.83,TT,STT Paid,icicidirect,04-Mar-2025,NSE,
INDHOT,INDIAN HOTELS CO LTD,INE053A01029,Buy,6,713.25,12.65,0.14,0.00,TT,STT Paid,icicidirect,04-Mar-2025,NSE,
INDHOT,INDIAN HOTELS CO LTD,INE053A01029,Buy,1,713.25,2.11,0.02,0.00,TT,STT Paid,icicidirect,04-Mar-2025,NSE,
INDHOT,INDIAN HOTELS CO LTD,INE053A01029,Buy,18,826.70,44.00,0.57,2.23,TT,STT Paid,icicidirect,21-Mar-2025,BSE,
INDHOT,INDIAN HOTELS CO LTD,INE053A01029,Buy,24,742.95,52.70,0.57,2.67,TT,STT Paid,icicidirect,07-Apr-2025,NSE,
INDHOT,INDIAN HOTELS CO LTD,INE053A01029,Buy,21,712.65,44.23,0.47,2.24,TT,STT Paid,icicidirect,09-May-2025,NSE,
INDHOT,INDIAN HOTELS CO LTD,INE053A01029,Buy,10,639.00,18.89,0.20,0.00,TT,STT Paid,icicidirect,14-May-2026,NSE,
INDHOT,INDIAN HOTELS CO LTD,INE053A01029,Buy,14,639.00,26.44,0.28,2.30,TT,STT Paid,icicidirect,14-May-2026,NSE,
INVGOL,INVESCO INDIA GOLD ETF,INF205KA1BP1,Buy,1,8270.00,24.44,0.26,0.00,TT,STT Not Paid,icicidirect,02-May-2025,NSE,
INVGOL,INVESCO INDIA GOLD ETF,INF205KA1BP1,Buy,1,8269.95,24.44,0.26,2.00,TT,STT Not Paid,icicidirect,02-May-2025,NSE,
INVGOL,INVESCO INDIA GOLD ETF,INF205KA1BP1,Buy,1,8478.35,25.06,0.27,1.17,TT,STT Not Paid,icicidirect,09-May-2025,NSE,
INVGOL,INVESCO INDIA GOLD ETF,INF205KA1BP1,Buy,100,84.78,25.06,0.27,1.17,TT,STT Not Paid,icicidirect,09-May-2025,NSE,
INVGOL,INVESCO INDIA GOLD ETF,INF205KA1BP1,Buy,200,82.49,48.76,0.52,2.71,TT,STT Not Paid,icicidirect,12-May-2025,NSE,
INVGOL,INVESCO INDIA GOLD ETF,INF205KA1BP1,Buy,300,86.99,77.14,0.83,0.00,TT,STT Not Paid,icicidirect,23-Jun-2025,NSE,
INVGOL,INVESCO INDIA GOLD ETF,INF205KA1BP1,Buy,300,86.99,77.14,0.83,7.87,TT,STT Not Paid,icicidirect,23-Jun-2025,NSE,
INVGOL,INVESCO INDIA GOLD ETF,INF205KA1BP1,Buy,200,83.85,49.57,0.53,3.00,TT,STT Not Paid,icicidirect,27-Jun-2025,NSE,
INVGOL,INVESCO INDIA GOLD ETF,INF205KA1BP1,Buy,400,102.35,121.01,1.30,6.00,TT,STT Not Paid,icicidirect,30-Sep-2025,NSE,
INVGOL,INVESCO INDIA GOLD ETF,INF205KA1BP1,Buy,200,103.80,61.36,0.66,3.00,TT,STT Not Paid,icicidirect,23-Oct-2025,NSE,
INVGOL,INVESCO INDIA GOLD ETF,INF205KA1BP1,Buy,100,106.95,31.61,0.34,0.00,TT,STT Not Paid,icicidirect,24-Nov-2025,NSE,
INVGOL,INVESCO INDIA GOLD ETF,INF205KA1BP1,Buy,100,106.95,31.61,0.34,3.00,TT,STT Not Paid,icicidirect,24-Nov-2025,NSE,
INVGOL,INVESCO INDIA GOLD ETF,INF205KA1BP1,Buy,100,146.35,43.26,0.46,2.20,TT,STT Not Paid,icicidirect,30-Jan-2026,NSE,
INVGOL,INVESCO INDIA GOLD ETF,INF205KA1BP1,Buy,200,128.25,75.82,0.81,3.89,TT,STT Not Paid,icicidirect,19-Mar-2026,NSE,
INVGOL,INVESCO INDIA GOLD ETF,INF205KA1BP1,Buy,1,11838.00,3.56,0.38,0.71,TT,STT Not Paid,icicidirect,23-Mar-2026,NSE,
INVGOL,INVESCO INDIA GOLD ETF,INF205KA1BP1,Buy,1,11838.00,34.99,0.38,0.00,TT,STT Not Paid,icicidirect,23-Mar-2026,NSE,
INVGOL,INVESCO INDIA GOLD ETF,INF205KA1BP1,Sell,1,11818.05,0.07,0.37,0.00,TT,STT Not Paid,icicidirect,23-Mar-2026,NSE,
INVGOL,INVESCO INDIA GOLD ETF,INF205KA1BP1,Sell,1,11321.90,3.40,0.36,0.00,TT,STT Not Paid,icicidirect,23-Mar-2026,NSE,
INVGOL,INVESCO INDIA GOLD ETF,INF205KA1BP1,Buy,100,115.26,34.07,0.37,3.86,TT,STT Not Paid,icicidirect,23-Mar-2026,NSE,
INVGOL,INVESCO INDIA GOLD ETF,INF205KA1BP1,Buy,100,115.26,34.07,0.37,0.00,TT,STT Not Paid,icicidirect,23-Mar-2026,NSE,
INVGOL,INVESCO INDIA GOLD ETF,INF205KA1BP1,Sell,3,12565.00,111.42,1.19,0.00,TT,STT Not Paid,icicidirect,30-Mar-2026,NSE,
LARTOU,LARSEN AND TOUBRO LIMITED,INE018A01030,Buy,9,1357.00,79.33,0.37,2.00,Rolling,STT Paid,icicidirect,24-Aug-2018,NSE,
LARTOU,LARSEN AND TOUBRO LIMITED,INE018A01030,Buy,9,1225.00,71.61,0.33,2.00,Rolling,STT Paid,icicidirect,09-Oct-2018,NSE,
LARTOU,LARSEN AND TOUBRO LIMITED,INE018A01030,Buy,9,1398.75,81.77,0.38,0.00,Rolling,STT Paid,icicidirect,15-Nov-2018,NSE,
LARTOU,LARSEN AND TOUBRO LIMITED,INE018A01030,Buy,4,1215.00,33.07,0.18,0.00,Rolling,STT Paid,icicidirect,13-Feb-2019,NSE,
LARTOU,LARSEN AND TOUBRO LIMITED,INE018A01030,Buy,1,1215.00,8.27,0.04,2.00,Rolling,STT Paid,icicidirect,13-Feb-2019,NSE,
LARTOU,LARSEN AND TOUBRO LIMITED,INE018A01030,Buy,5,840.80,41.32,0.09,1.00,Rolling,STT Paid,icicidirect,27-Mar-2020,NSE,
LARTOU,LARSEN AND TOUBRO LIMITED,INE018A01030,Sell,5,933.70,41.33,0.16,0.00,Rolling,STT Paid,icicidirect,21-Jul-2020,NSE,
LARTOU,LARSEN AND TOUBRO LIMITED,INE018A01030,Sell,9,931.80,54.48,0.29,0.00,Rolling,STT Paid,icicidirect,05-Aug-2020,NSE,
LARTOU,LARSEN AND TOUBRO LIMITED,INE018A01030,Sell,2,917.90,11.93,0.06,0.00,Rolling,STT Paid,icicidirect,07-Aug-2020,NSE,
LARTOU,LARSEN AND TOUBRO LIMITED,INE018A01030,Sell,7,917.90,41.74,0.22,0.00,Rolling,STT Paid,icicidirect,07-Aug-2020,NSE,
LARTOU,LARSEN AND TOUBRO LIMITED,INE018A01030,Sell,14,927.00,84.31,0.45,0.00,Rolling,STT Paid,icicidirect,07-Sep-2020,NSE,
LARTOU,LARSEN AND TOUBRO LIMITED,INE018A01030,Buy,4,3056.90,36.14,0.39,2.29,TT,STT Paid,icicidirect,07-Apr-2025,NSE,
LARTOU,LARSEN AND TOUBRO LIMITED,INE018A01030,Buy,1,3057.45,9.04,0.10,0.00,TT,STT Paid,icicidirect,07-Apr-2025,NSE,
LARTOU,LARSEN AND TOUBRO LIMITED,INE018A01030,Buy,5,3650.00,53.94,0.58,3.00,TT,STT Paid,icicidirect,30-Jul-2025,NSE,
LARTOU,LARSEN AND TOUBRO LIMITED,INE018A01030,Buy,2,3760.50,22.23,0.24,2.26,TT,STT Paid,icicidirect,09-Mar-2026,NSE,
LARTOU,LARSEN AND TOUBRO LIMITED,INE018A01030,Buy,2,3760.50,22.23,0.24,0.00,TT,STT Paid,icicidirect,09-Mar-2026,NSE,
LTINFO,LTM LIMITED,INE214T01019,Buy,5,4703.00,0.00,0.00,0.00,Rolling,STT Paid,NA,22-Nov-2022,NSE,
LTINFO,LTM LIMITED,INE214T01019,Sell,4,4561.30,53.90,0.43,0.00,TT,STT Paid,icicidirect,29-Mar-2023,NSE,
LTINFO,LTM LIMITED,INE214T01019,Sell,1,4561.30,13.48,0.11,0.00,TT,STT Paid,icicidirect,29-Mar-2023,NSE,
LTINFO,LTM LIMITED,INE214T01019,Buy,9,4186.00,111.35,1.19,5.55,TT,STT Paid,icicidirect,17-Apr-2025,NSE,
LTINFO,LTM LIMITED,INE214T01019,Buy,3,4393.70,38.96,0.42,2.00,TT,STT Paid,icicidirect,02-Mar-2026,NSE,
LTINFO,LTM LIMITED,INE214T01019,Sell,1,4267.70,12.61,0.14,0.00,TT,STT Paid,icicidirect,05-Mar-2026,NSE,
LTINFO,LTM LIMITED,INE214T01019,Sell,1,4140.00,12.24,0.13,0.00,TT,STT Paid,icicidirect,17-Mar-2026,NSE,
LTINFO,LTM LIMITED,INE214T01019,Buy,4,3944.00,46.63,0.50,2.45,TT,STT Paid,icicidirect,14-May-2026,NSE,
MARUTI,MARUTI SUZUKI INDIA LTD,INE585B01010,Buy,2,15036.00,88.88,0.95,5.00,TT,STT Paid,icicidirect,04-Sep-2025,NSE,
MOTNAS,MOTILAL OSWAL NASDAQ 100 ETF,INF247L01AP3,Buy,90,187.34,49.83,0.53,2.53,TT,STT Not Paid,icicidirect,07-Mar-2025,NSE,
MOTNAS,MOTILAL OSWAL NASDAQ 100 ETF,INF247L01AP3,Buy,90,180.65,48.06,0.52,2.00,TT,STT Not Paid,icicidirect,11-Mar-2025,NSE,
MOTNAS,MOTILAL OSWAL NASDAQ 100 ETF,INF247L01AP3,Buy,90,178.65,47.52,0.51,2.41,TT,STT Not Paid,icicidirect,19-Mar-2025,NSE,
MOTNAS,MOTILAL OSWAL NASDAQ 100 ETF,INF247L01AP3,Buy,90,182.75,48.61,0.52,2.47,TT,STT Not Paid,icicidirect,27-Mar-2025,NSE,
MOTNAS,MOTILAL OSWAL NASDAQ 100 ETF,INF247L01AP3,Buy,90,162.98,43.35,0.47,2.20,TT,STT Not Paid,icicidirect,07-Apr-2025,NSE,
MOTNAS,MOTILAL OSWAL NASDAQ 100 ETF,INF247L01AP3,Sell,5,180.15,2.66,0.03,0.00,TT,STT Paid,icicidirect,06-Jun-2025,NSE,
MOTNAS,MOTILAL OSWAL NASDAQ 100 ETF,INF247L01AP3,Sell,9,180.15,4.79,0.05,0.00,TT,STT Paid,icicidirect,06-Jun-2025,NSE,
MOTNAS,MOTILAL OSWAL NASDAQ 100 ETF,INF247L01AP3,Sell,1,180.15,0.53,0.01,0.00,TT,STT Paid,icicidirect,06-Jun-2025,NSE,
MOTNAS,MOTILAL OSWAL NASDAQ 100 ETF,INF247L01AP3,Sell,23,180.15,12.25,0.13,0.00,TT,STT Paid,icicidirect,06-Jun-2025,NSE,
MOTNAS,MOTILAL OSWAL NASDAQ 100 ETF,INF247L01AP3,Sell,30,180.15,15.97,0.17,0.00,TT,STT Paid,icicidirect,06-Jun-2025,NSE,
MOTNAS,MOTILAL OSWAL NASDAQ 100 ETF,INF247L01AP3,Sell,10,180.15,5.32,0.06,0.00,TT,STT Paid,icicidirect,06-Jun-2025,NSE,
MOTNAS,MOTILAL OSWAL NASDAQ 100 ETF,INF247L01AP3,Sell,1,180.15,0.53,0.01,0.00,TT,STT Paid,icicidirect,06-Jun-2025,NSE,
MOTNAS,MOTILAL OSWAL NASDAQ 100 ETF,INF247L01AP3,Sell,11,180.15,5.86,0.06,0.00,TT,STT Paid,icicidirect,06-Jun-2025,NSE,
MOTNAS,MOTILAL OSWAL NASDAQ 100 ETF,INF247L01AP3,Sell,10,229.39,6.78,0.07,0.00,TT,STT Not Paid,icicidirect,30-Mar-2026,NSE,
MOTNAS,MOTILAL OSWAL NASDAQ 100 ETF,INF247L01AP3,Sell,2,229.39,1.36,0.01,0.00,TT,STT Not Paid,icicidirect,30-Mar-2026,NSE,
MOTNAS,MOTILAL OSWAL NASDAQ 100 ETF,INF247L01AP3,Sell,1,229.39,0.68,0.01,0.00,TT,STT Not Paid,icicidirect,30-Mar-2026,NSE,
MOTNAS,MOTILAL OSWAL NASDAQ 100 ETF,INF247L01AP3,Sell,10,229.39,6.78,0.07,0.00,TT,STT Not Paid,icicidirect,30-Mar-2026,NSE,
MOTNAS,MOTILAL OSWAL NASDAQ 100 ETF,INF247L01AP3,Sell,9,229.39,6.10,0.07,0.00,TT,STT Not Paid,icicidirect,30-Mar-2026,NSE,
MOTNAS,MOTILAL OSWAL NASDAQ 100 ETF,INF247L01AP3,Sell,232,229.39,157.30,1.69,0.00,TT,STT Not Paid,icicidirect,30-Mar-2026,NSE,
MOTNAS,MOTILAL OSWAL NASDAQ 100 ETF,INF247L01AP3,Sell,6,229.39,4.07,0.04,0.00,TT,STT Not Paid,icicidirect,30-Mar-2026,NSE,
NIFJUN,NIPPON IND ETF NIFNXT50 JR BEE,INF732E01045,Buy,27,642.74,51.29,0.55,2.47,TT,STT Paid,icicidirect,07-Mar-2025,NSE,
NIFJUN,NIPPON IND ETF NIFNXT50 JR BEE,INF732E01045,Buy,27,658.49,52.55,0.56,2.67,TT,STT Paid,icicidirect,19-Mar-2025,NSE,
NIITEC,COFORGE LIMITED,INE591G01025,Buy,12,3300.00,17.95,1.39,1.19,Rolling,STT Paid,icicidirect,06-May-2021,NSE,
NIITEC,COFORGE LIMITED,INE591G01025,Sell,12,3348.50,17.95,1.41,0.00,Rolling,STT Paid,icicidirect,06-May-2021,NSE,
NIITEC,COFORGE LIMITED,INE591G01025,Buy,9,3288.55,87.50,1.04,4.44,Rolling,STT Paid,icicidirect,19-May-2021,NSE,
NIITEC,COFORGE LIMITED,INE591G01025,Sell,9,3704.30,98.54,1.03,0.00,Rolling,STT Paid,icicidirect,07-Jun-2021,NSE,
NIITEC,COFORGE LIMITED,INE591G01025,Buy,9,5315.00,141.27,0.86,7.14,Rolling,STT Paid,icicidirect,27-Sep-2021,NSE,
NIITEC,COFORGE LIMITED,INE591G01025,Sell,9,5225.00,138.88,0.85,0.00,Rolling,STT Paid,icicidirect,28-Sep-2021,NSE,
NIITEC,COFORGE LIMITED,INE591G01025,Buy,9,5290.00,17.85,0.86,1.43,Rolling,STT Paid,icicidirect,29-Sep-2021,NSE,
NIITEC,COFORGE LIMITED,INE591G01025,Sell,9,5250.00,17.85,0.85,0.00,Rolling,STT Paid,icicidirect,29-Sep-2021,NSE,
NIITEC,COFORGE LIMITED,INE591G01025,Buy,1,4569.00,1.99,0.13,0.00,Rolling,STT Paid,icicidirect,27-Jan-2022,NSE,
NIITEC,COFORGE LIMITED,INE591G01025,Buy,2,4569.00,3.98,0.26,0.00,Rolling,STT Paid,icicidirect,27-Jan-2022,NSE,
NIITEC,COFORGE LIMITED,INE591G01025,Buy,5,4569.00,9.95,0.64,1.23,Rolling,STT Paid,icicidirect,27-Jan-2022,NSE,
NIITEC,COFORGE LIMITED,INE591G01025,Buy,1,4569.00,1.99,0.13,0.00,Rolling,STT Paid,icicidirect,27-Jan-2022,NSE,
NIITEC,COFORGE LIMITED,INE591G01025,Sell,9,4516.80,17.90,1.14,0.00,Rolling,STT Paid,icicidirect,27-Jan-2022,NSE,
NIITEC,COFORGE LIMITED,INE591G01025,Buy,3,3909.50,34.65,0.28,2.35,Rolling,STT Paid,icicidirect,29-Dec-2022,NSE,
NIITEC,COFORGE LIMITED,INE591G01025,Buy,1,3909.50,11.55,0.09,0.00,Rolling,STT Paid,icicidirect,29-Dec-2022,NSE,
NIITEC,COFORGE LIMITED,INE591G01025,Sell,4,3608.40,42.64,0.34,0.00,TT,STT Paid,icicidirect,29-Mar-2023,NSE,
NIITEC,COFORGE LIMITED,INE591G01025,Buy,4,7656.65,90.52,0.97,4.77,TT,STT Paid,icicidirect,21-Mar-2025,NSE,
NIITEC,COFORGE LIMITED,INE591G01025,Buy,15,1318.73,58.47,0.63,2.97,TT,STT Paid,icicidirect,04-Apr-2025,NSE,
NIITEC,COFORGE LIMITED,INE591G01025,Buy,15,1206.60,53.50,0.57,2.71,TT,STT Paid,icicidirect,07-Apr-2025,NSE,
NIITEC,COFORGE LIMITED,INE591G01025,Sell,2,8350.00,49.36,0.53,0.00,TT,STT Paid,icicidirect,12-May-2025,NSE,
NIITEC,COFORGE LIMITED,INE591G01025,Sell,2,8300.00,49.06,0.53,0.00,TT,STT Paid,icicidirect,13-May-2025,NSE,
NIITEC,COFORGE LIMITED,INE591G01025,Buy,8,1541.70,36.45,0.39,1.86,TT,STT Paid,icicidirect,26-Sep-2025,NSE,
NIITEC,COFORGE LIMITED,INE591G01025,Buy,1,1541.80,4.56,0.05,0.00,TT,STT Paid,icicidirect,26-Sep-2025,NSE,
NIITEC,COFORGE LIMITED,INE591G01025,Buy,1,1541.70,4.56,0.05,0.00,TT,STT Paid,icicidirect,26-Sep-2025,NSE,
NIITEC,COFORGE LIMITED,INE591G01025,Sell,3,1378.00,12.22,0.13,0.00,TT,STT Paid,icicidirect,11-May-2026,NSE,
NIITEC,COFORGE LIMITED,INE591G01025,Sell,27,1378.00,109.97,1.18,0.00,TT,STT Paid,icicidirect,11-May-2026,NSE,
PERSYS,PERSISTENT SYSTEMS LIMITED,INE262H01021,Buy,9,4591.35,122.14,1.31,6.00,TT,STT Paid,icicidirect,08-Apr-2025,NSE,
PERSYS,PERSISTENT SYSTEMS LIMITED,INE262H01021,Buy,3,4906.50,43.51,0.47,2.21,TT,STT Paid,icicidirect,29-Sep-2025,NSE,
RADKHA,RADICO KHAITAN LTD,INE944F01028,Buy,2,3495.90,20.67,0.22,0.00,TT,STT Paid,icicidirect,11-May-2026,NSE,
RADKHA,RADICO KHAITAN LTD,INE944F01028,Buy,7,3495.90,72.33,0.78,5.19,TT,STT Paid,icicidirect,11-May-2026,NSE,
RELNIP,NIPPON LIFE IND ASSET MANAGEME,INE298J01013,Buy,59,252.00,0.00,0.00,0.00,Rolling,STT Paid,icicidirect,02-Nov-2017,NSE,
RELNIP,NIPPON LIFE IND ASSET MANAGEME,INE298J01013,Sell,59,297.50,114.02,0.57,2.00,Rolling,STT Paid,icicidirect,04-Jan-2018,NSE,
RELNIP,NIPPON LIFE IND ASSET MANAGEME,INE298J01013,Buy,27,772.65,61.66,0.66,3.13,TT,STT Paid,icicidirect,23-Jun-2025,NSE,
SHRPRO,SHRIRAM PROPERTIES LIMITED,INE217L01019,Buy,133,91.69,36.04,0.39,2.00,TT,STT Paid,icicidirect,27-May-2026,NSE,
SHRPRO,SHRIRAM PROPERTIES LIMITED,INE217L01019,Buy,27,91.68,7.32,0.08,0.00,TT,STT Paid,icicidirect,27-May-2026,NSE,
SHRPRO,SHRIRAM PROPERTIES LIMITED,INE217L01019,Buy,20,91.57,5.41,0.06,0.00,TT,STT Paid,icicidirect,27-May-2026,NSE,
TATMOT,TATA MOTORS PAX VEHICLES LTD,INE155A01022,Buy,100,149.10,96.86,0.51,2.24,Rolling,STT Paid,icicidirect,02-Sep-2020,NSE,
TATMOT,TATA MOTORS PAX VEHICLES LTD,INE155A01022,Sell,100,146.95,43.44,0.51,0.00,Rolling,STT Paid,icicidirect,08-Sep-2020,NSE,
TATMOT,TATA MOTORS PAX VEHICLES LTD,INE155A01022,Buy,180,191.50,101.90,1.19,5.17,Rolling,STT Paid,icicidirect,04-Jan-2021,NSE,
TATMOT,TATA MOTORS PAX VEHICLES LTD,INE155A01022,Buy,180,186.85,17.91,1.16,1.00,Rolling,STT Paid,icicidirect,05-Jan-2021,NSE,
TATMOT,TATA MOTORS PAX VEHICLES LTD,INE155A01022,Sell,180,192.75,17.92,1.20,0.00,Rolling,STT Paid,icicidirect,05-Jan-2021,NSE,
TATMOT,TATA MOTORS PAX VEHICLES LTD,INE155A01022,Sell,100,196.00,57.94,0.68,0.00,Rolling,STT Paid,icicidirect,06-Jan-2021,NSE,
TATMOT,TATA MOTORS PAX VEHICLES LTD,INE155A01022,Sell,23,196.00,13.33,0.16,0.00,Rolling,STT Paid,icicidirect,06-Jan-2021,NSE,
TATMOT,TATA MOTORS PAX VEHICLES LTD,INE155A01022,Sell,20,196.00,11.59,0.14,0.00,Rolling,STT Paid,icicidirect,06-Jan-2021,NSE,
TATMOT,TATA MOTORS PAX VEHICLES LTD,INE155A01022,Sell,17,196.00,9.85,0.12,0.00,Rolling,STT Paid,icicidirect,06-Jan-2021,NSE,
TATMOT,TATA MOTORS PAX VEHICLES LTD,INE155A01022,Sell,10,196.00,5.79,0.07,0.00,Rolling,STT Paid,icicidirect,06-Jan-2021,NSE,
TATMOT,TATA MOTORS PAX VEHICLES LTD,INE155A01022,Sell,10,196.00,5.79,0.07,0.00,Rolling,STT Paid,icicidirect,06-Jan-2021,NSE,
TATMOT,TATA MOTORS PAX VEHICLES LTD,INE155A01022,Buy,180,198.90,17.92,1.24,1.07,Rolling,STT Paid,icicidirect,07-Jan-2021,NSE,
TATMOT,TATA MOTORS PAX VEHICLES LTD,INE155A01022,Sell,180,196.80,17.92,1.22,0.00,Rolling,STT Paid,icicidirect,07-Jan-2021,NSE,
TATMOT,TATA MOTORS PAX VEHICLES LTD,INE155A01022,Buy,180,242.30,128.93,1.50,6.36,Rolling,STT Paid,icicidirect,13-Jan-2021,NSE,
TATMOT,TATA MOTORS PAX VEHICLES LTD,INE155A01022,Sell,180,257.00,136.75,1.60,0.00,Rolling,STT Paid,icicidirect,15-Jan-2021,NSE,
TATMOT,TATA MOTORS PAX VEHICLES LTD,INE155A01022,Buy,15,318.65,2.49,0.16,0.00,Rolling,STT Paid,icicidirect,02-Feb-2021,NSE,
TATMOT,TATA MOTORS PAX VEHICLES LTD,INE155A01022,Buy,93,318.60,15.43,1.02,1.00,Rolling,STT Paid,icicidirect,02-Feb-2021,NSE,
TATMOT,TATA MOTORS PAX VEHICLES LTD,INE155A01022,Sell,108,321.50,17.92,1.20,0.00,Rolling,STT Paid,icicidirect,02-Feb-2021,NSE,
TATMOT,TATA MOTORS PAX VEHICLES LTD,INE155A01022,Sell,180,295.00,18.03,1.86,0.00,Rolling,STT Paid,icicidirect,22-Apr-2021,NSE,
TATMOT,TATA MOTORS PAX VEHICLES LTD,INE155A01022,Buy,180,294.30,18.03,1.85,1.59,Rolling,STT Paid,icicidirect,22-Apr-2021,NSE,
TATMOT,TATA MOTORS PAX VEHICLES LTD,INE155A01022,Buy,90,356.00,94.70,0.99,4.81,Rolling,STT Paid,icicidirect,08-Jun-2021,NSE,
TATMOT,TATA MOTORS PAX VEHICLES LTD,INE155A01022,Sell,90,348.25,92.64,0.97,0.00,Rolling,STT Paid,icicidirect,11-Jun-2021,NSE,
TATMOT,TATA MOTORS PAX VEHICLES LTD,INE155A01022,Buy,108,355.80,113.57,1.19,5.76,Rolling,STT Paid,icicidirect,14-Jun-2021,NSE,
TATMOT,TATA MOTORS PAX VEHICLES LTD,INE155A01022,Buy,45,336.85,17.78,0.47,0.45,Rolling,STT Paid,icicidirect,18-Jun-2021,NSE,
TATMOT,TATA MOTORS PAX VEHICLES LTD,INE155A01022,Sell,40,331.65,15.81,0.41,0.00,Rolling,STT Paid,icicidirect,18-Jun-2021,NSE,
TATMOT,TATA MOTORS PAX VEHICLES LTD,INE155A01022,Sell,5,331.65,1.98,0.05,0.00,Rolling,STT Paid,icicidirect,18-Jun-2021,NSE,
TATMOT,TATA MOTORS PAX VEHICLES LTD,INE155A01022,Buy,90,326.00,17.86,0.91,0.88,Rolling,STT Paid,icicidirect,06-Jul-2021,NSE,
TATMOT,TATA MOTORS PAX VEHICLES LTD,INE155A01022,Sell,90,319.70,17.86,0.89,0.00,Rolling,STT Paid,icicidirect,06-Jul-2021,NSE,
TATMOT,TATA MOTORS PAX VEHICLES LTD,INE155A01022,Sell,108,319.70,102.05,1.07,0.00,Rolling,STT Paid,icicidirect,06-Jul-2021,NSE,
TATMOT,TATA MOTORS PAX VEHICLES LTD,INE155A01022,Buy,90,294.00,78.20,0.82,3.97,Rolling,STT Paid,icicidirect,27-Jul-2021,NSE,
TATMOT,TATA MOTORS PAX VEHICLES LTD,INE155A01022,Sell,77,294.00,66.91,0.70,0.00,Rolling,STT Paid,icicidirect,10-Aug-2021,NSE,
TATMOT,TATA MOTORS PAX VEHICLES LTD,INE155A01022,Sell,13,294.00,11.30,0.12,0.00,Rolling,STT Paid,icicidirect,10-Aug-2021,NSE,
TATMOT,TATA MOTORS PAX VEHICLES LTD,INE155A01022,Buy,108,304.60,97.23,1.02,4.52,Rolling,STT Paid,icicidirect,12-Aug-2021,NSE,
TATMOT,TATA MOTORS PAX VEHICLES LTD,INE155A01022,Sell,95,294.50,82.69,0.87,0.00,Rolling,STT Paid,icicidirect,17-Aug-2021,NSE,
TATMOT,TATA MOTORS PAX VEHICLES LTD,INE155A01022,Sell,13,294.50,11.32,0.12,0.00,Rolling,STT Paid,icicidirect,17-Aug-2021,NSE,
TATMOT,TATA MOTORS PAX VEHICLES LTD,INE155A01022,Buy,150,295.00,17.95,1.37,1.33,Rolling,STT Paid,icicidirect,01-Sep-2021,NSE,
TATMOT,TATA MOTORS PAX VEHICLES LTD,INE155A01022,Sell,150,295.00,17.95,1.37,0.00,Rolling,STT Paid,icicidirect,01-Sep-2021,NSE,
TATMOT,TATA MOTORS PAX VEHICLES LTD,INE155A01022,Buy,4,336.60,0.40,0.02,0.00,Rolling,STT Paid,icicidirect,30-Sep-2021,NSE,
TATMOT,TATA MOTORS PAX VEHICLES LTD,INE155A01022,Buy,2,336.60,0.20,0.01,0.00,Rolling,STT Paid,icicidirect,30-Sep-2021,NSE,
TATMOT,TATA MOTORS PAX VEHICLES LTD,INE155A01022,Buy,100,336.60,10.04,0.61,0.00,Rolling,STT Paid,icicidirect,30-Sep-2021,NSE,
TATMOT,TATA MOTORS PAX VEHICLES LTD,INE155A01022,Buy,74,336.60,7.43,0.45,0.00,Rolling,STT Paid,icicidirect,30-Sep-2021,NSE,
TATMOT,TATA MOTORS PAX VEHICLES LTD,INE155A01022,Buy,15,330.60,1.49,0.09,0.00,Rolling,STT Paid,icicidirect,30-Sep-2021,NSE,
TATMOT,TATA MOTORS PAX VEHICLES LTD,INE155A01022,Buy,22,330.60,2.19,0.13,0.00,Rolling,STT Paid,icicidirect,30-Sep-2021,NSE,
TATMOT,TATA MOTORS PAX VEHICLES LTD,INE155A01022,Buy,20,330.60,1.99,0.12,0.00,Rolling,STT Paid,icicidirect,30-Sep-2021,NSE,
TATMOT,TATA MOTORS PAX VEHICLES LTD,INE155A01022,Buy,123,330.60,12.23,0.73,3.60,Rolling,STT Paid,icicidirect,30-Sep-2021,NSE,
TATMOT,TATA MOTORS PAX VEHICLES LTD,INE155A01022,Sell,360,331.70,35.61,2.15,0.00,Rolling,STT Paid,icicidirect,30-Sep-2021,NSE,
TATMOT,TATA MOTORS PAX VEHICLES LTD,INE155A01022,Buy,108,365.60,116.61,0.71,6.00,Rolling,STT Paid,icicidirect,07-Oct-2021,NSE,
TATMOT,TATA MOTORS PAX VEHICLES LTD,INE155A01022,Sell,108,421.00,134.28,0.82,0.00,Rolling,STT Paid,icicidirect,12-Oct-2021,NSE,
TATMOT,TATA MOTORS PAX VEHICLES LTD,INE155A01022,Buy,27,652.40,52.06,0.56,2.64,TT,STT Paid,icicidirect,27-Feb-2025,NSE,
TATPOW,TATA POWER CO LTD,INE245A01021,Buy,450,113.45,150.92,1.76,8.00,Rolling,STT Paid,icicidirect,12-Mar-2021,NSE,
TATPOW,TATA POWER CO LTD,INE245A01021,Sell,10,110.50,3.27,0.04,0.00,Rolling,STT Paid,icicidirect,15-Mar-2021,NSE,
TATPOW,TATA POWER CO LTD,INE245A01021,Sell,162,110.50,52.92,0.62,0.00,Rolling,STT Paid,icicidirect,15-Mar-2021,NSE,
TATPOW,TATA POWER CO LTD,INE245A01021,Sell,278,110.50,90.81,1.06,0.00,Rolling,STT Paid,icicidirect,15-Mar-2021,NSE,
TATPOW,TATA POWER CO LTD,INE245A01021,Buy,450,108.40,144.21,1.71,7.79,Rolling,STT Paid,icicidirect,10-May-2021,NSE,
TATPOW,TATA POWER CO LTD,INE245A01021,Sell,225,107.40,71.44,0.85,0.00,Rolling,STT Paid,icicidirect,11-May-2021,NSE,
TATPOW,TATA POWER CO LTD,INE245A01021,Sell,225,109.50,72.84,0.86,0.00,Rolling,STT Paid,icicidirect,11-May-2021,NSE,
TATPOW,TATA POWER CO LTD,INE245A01021,Buy,114,133.00,44.81,0.47,3.59,Rolling,STT Paid,icicidirect,12-Aug-2021,NSE,
TATPOW,TATA POWER CO LTD,INE245A01021,Buy,66,133.00,25.94,0.27,0.00,Rolling,STT Paid,icicidirect,12-Aug-2021,NSE,
TATPOW,TATA POWER CO LTD,INE245A01021,Sell,25,129.10,9.54,0.10,0.00,Rolling,STT Paid,icicidirect,17-Aug-2021,NSE,
TATPOW,TATA POWER CO LTD,INE245A01021,Sell,79,129.10,30.14,0.32,0.00,Rolling,STT Paid,icicidirect,17-Aug-2021,NSE,
TATPOW,TATA POWER CO LTD,INE245A01021,Sell,75,129.10,28.62,0.30,0.00,Rolling,STT Paid,icicidirect,17-Aug-2021,NSE,
TATPOW,TATA POWER CO LTD,INE245A01021,Sell,1,129.10,0.38,0.00,0.00,Rolling,STT Paid,icicidirect,17-Aug-2021,NSE,
TATPOW,TATA POWER CO LTD,INE245A01021,Buy,360,132.00,17.97,1.47,1.43,Rolling,STT Paid,icicidirect,01-Sep-2021,NSE,
TATPOW,TATA POWER CO LTD,INE245A01021,Sell,360,133.25,17.97,1.49,0.00,Rolling,STT Paid,icicidirect,01-Sep-2021,NSE,
TATPOW,TATA POWER CO LTD,INE245A01021,Buy,360,133.00,123.79,0.86,5.84,Rolling,STT Paid,icicidirect,02-Sep-2021,NSE,
TATPOW,TATA POWER CO LTD,INE245A01021,Sell,90,133.65,17.74,0.22,0.00,Rolling,STT Paid,icicidirect,02-Sep-2021,NSE,
TATPOW,TATA POWER CO LTD,INE245A01021,Sell,25,130.05,9.60,0.06,0.00,Rolling,STT Paid,icicidirect,07-Sep-2021,NSE,
TATPOW,TATA POWER CO LTD,INE245A01021,Sell,55,129.95,21.11,0.13,0.00,Rolling,STT Paid,icicidirect,07-Sep-2021,NSE,
TATPOW,TATA POWER CO LTD,INE245A01021,Sell,25,130.05,9.60,0.06,0.00,Rolling,STT Paid,icicidirect,07-Sep-2021,NSE,
TATPOW,TATA POWER CO LTD,INE245A01021,Sell,87,130.05,33.41,0.20,0.00,Rolling,STT Paid,icicidirect,07-Sep-2021,NSE,
TATPOW,TATA POWER CO LTD,INE245A01021,Sell,70,130.05,26.88,0.16,0.00,Rolling,STT Paid,icicidirect,07-Sep-2021,NSE,
TATPOW,TATA POWER CO LTD,INE245A01021,Sell,5,130.05,1.92,0.01,0.00,Rolling,STT Paid,icicidirect,07-Sep-2021,NSE,
TATPOW,TATA POWER CO LTD,INE245A01021,Sell,3,130.05,1.15,0.01,0.00,Rolling,STT Paid,icicidirect,07-Sep-2021,NSE,
TATPOW,TATA POWER CO LTD,INE245A01021,Buy,270,149.80,17.83,0.73,1.21,Rolling,STT Paid,icicidirect,29-Sep-2021,NSE,
TATPOW,TATA POWER CO LTD,INE245A01021,Sell,270,150.90,17.83,0.73,0.00,Rolling,STT Paid,icicidirect,29-Sep-2021,NSE,
TATPOW,TATA POWER CO LTD,INE245A01021,Buy,157,156.00,72.33,0.44,6.32,Rolling,STT Paid,icicidirect,30-Sep-2021,NSE,
TATPOW,TATA POWER CO LTD,INE245A01021,Buy,113,156.00,52.06,0.32,0.00,Rolling,STT Paid,icicidirect,30-Sep-2021,NSE,
TATPOW,TATA POWER CO LTD,INE245A01021,Buy,63,231.00,43.01,0.42,2.18,Rolling,STT Paid,icicidirect,09-May-2022,NSE,
TATPOW,TATA POWER CO LTD,INE245A01021,Sell,37,211.10,23.09,0.25,0.00,TT,STT Paid,icicidirect,26-May-2023,NSE,
TATPOW,TATA POWER CO LTD,INE245A01021,Sell,44,211.05,27.45,0.30,0.00,TT,STT Paid,icicidirect,26-May-2023,NSE,
TATPOW,TATA POWER CO LTD,INE245A01021,Sell,84,222.55,55.26,0.65,0.00,TT,STT Paid,icicidirect,03-Jul-2023,NSE,
TATPOW,TATA POWER CO LTD,INE245A01021,Sell,41,238.30,28.88,0.31,0.00,TT,STT Paid,icicidirect,10-Aug-2023,NSE,
TATPOW,TATA POWER CO LTD,INE245A01021,Sell,64,238.30,45.08,0.49,0.00,TT,STT Paid,icicidirect,10-Aug-2023,NSE,
TATPOW,TATA POWER CO LTD,INE245A01021,Sell,63,381.50,71.04,0.77,0.00,TT,STT Paid,icicidirect,29-Jan-2024,NSE,
TATPOW,TATA POWER CO LTD,INE245A01021,Buy,45,405.00,53.87,0.58,2.73,TT,STT Paid,icicidirect,20-May-2025,NSE,
TATSIL,TATA SILVER ETF,INF277KA1984,Buy,450,33.02,43.92,0.47,0.00,TT,STT Paid,icicidirect,30-Jan-2026,NSE,
TATSIL,TATA SILVER ETF,INF277KA1984,Buy,500,31.85,47.07,0.50,4.13,TT,STT Paid,icicidirect,30-Jan-2026,NSE,
TATSIL,TATA SILVER ETF,INF277KA1984,Buy,720,22.02,46.86,0.50,2.00,TT,STT Paid,icicidirect,02-Feb-2026,NSE,
TATSIL,TATA SILVER ETF,INF277KA1984,Buy,625,23.90,44.15,0.47,1.98,TT,STT Paid,icicidirect,16-Mar-2026,NSE,
TATSIL,TATA SILVER ETF,INF277KA1984,Buy,625,22.54,41.64,0.45,2.11,TT,STT Paid,icicidirect,19-Mar-2026,NSE,
TATSIL,TATA SILVER ETF,INF277KA1984,Buy,223,20.57,1.38,0.15,0.25,TT,STT Paid,icicidirect,23-Mar-2026,NSE,
TATSIL,TATA SILVER ETF,INF277KA1984,Buy,502,20.57,30.52,0.33,0.00,TT,STT Paid,icicidirect,23-Mar-2026,NSE,
TATSIL,TATA SILVER ETF,INF277KA1984,Sell,186,20.42,0.02,0.12,0.00,TT,STT Paid,icicidirect,23-Mar-2026,NSE,
TATSIL,TATA SILVER ETF,INF277KA1984,Sell,43,19.67,0.25,0.03,0.00,TT,STT Paid,icicidirect,23-Mar-2026,NSE,
TATSIL,TATA SILVER ETF,INF277KA1984,Sell,41,19.67,0.24,0.03,0.00,TT,STT Paid,icicidirect,23-Mar-2026,NSE,
TATSIL,TATA SILVER ETF,INF277KA1984,Sell,38,19.67,0.22,0.02,0.00,TT,STT Paid,icicidirect,23-Mar-2026,NSE,
TATSIL,TATA SILVER ETF,INF277KA1984,Sell,36,19.67,0.21,0.02,0.00,TT,STT Paid,icicidirect,23-Mar-2026,NSE,
TATSIL,TATA SILVER ETF,INF277KA1984,Sell,33,19.68,0.20,0.02,0.00,TT,STT Paid,icicidirect,23-Mar-2026,NSE,
TATSIL,TATA SILVER ETF,INF277KA1984,Sell,32,19.68,0.19,0.02,0.00,TT,STT Paid,icicidirect,23-Mar-2026,NSE,
TATSIL,TATA SILVER ETF,INF277KA1984,Buy,750,19.63,43.52,0.47,3.18,TT,STT Paid,icicidirect,23-Mar-2026,NSE,
TATSIL,TATA SILVER ETF,INF277KA1984,Sell,1252,21.77,80.56,0.86,0.00,TT,STT Not Paid,icicidirect,30-Mar-2026,NSE,
VEDLIM,VEDANTA LIMITED,INE205A01025,Buy,180,244.00,17.98,1.54,1.32,Rolling,STT Paid,icicidirect,27-Apr-2021,NSE,
VEDLIM,VEDANTA LIMITED,INE205A01025,Sell,180,243.45,17.98,1.53,0.00,Rolling,STT Paid,icicidirect,27-Apr-2021,NSE,
VEDLIM,VEDANTA LIMITED,INE205A01025,Buy,180,255.00,17.99,1.61,1.38,Rolling,STT Paid,icicidirect,29-Apr-2021,NSE,
VEDLIM,VEDANTA LIMITED,INE205A01025,Sell,180,255.00,17.99,1.61,0.00,Rolling,STT Paid,icicidirect,29-Apr-2021,NSE,
VEDLIM,VEDANTA LIMITED,INE205A01025,Buy,38,263.80,3.80,0.35,0.00,Rolling,STT Paid,icicidirect,30-Apr-2021,NSE,
VEDLIM,VEDANTA LIMITED,INE205A01025,Buy,142,263.80,14.20,1.31,1.42,Rolling,STT Paid,icicidirect,30-Apr-2021,NSE,
VEDLIM,VEDANTA LIMITED,INE205A01025,Sell,180,259.85,17.99,1.64,0.00,Rolling,STT Paid,icicidirect,30-Apr-2021,NSE,
VEDLIM,VEDANTA LIMITED,INE205A01025,Buy,150,259.00,114.85,1.36,5.83,Rolling,STT Paid,icicidirect,04-May-2021,NSE,
VEDLIM,VEDANTA LIMITED,INE205A01025,Sell,50,295.00,43.61,0.52,0.00,Rolling,STT Paid,icicidirect,10-May-2021,NSE,
VEDLIM,VEDANTA LIMITED,INE205A01025,Sell,100,267.80,79.15,0.83,0.00,Rolling,STT Paid,icicidirect,28-May-2021,NSE,
VEDLIM,VEDANTA LIMITED,INE205A01025,Buy,5,275.95,0.76,0.04,0.00,Rolling,STT Paid,icicidirect,20-Aug-2021,NSE,
VEDLIM,VEDANTA LIMITED,INE205A01025,Buy,3,275.95,0.46,0.03,0.00,Rolling,STT Paid,icicidirect,20-Aug-2021,NSE,
VEDLIM,VEDANTA LIMITED,INE205A01025,Buy,109,276.00,16.66,0.93,0.97,Rolling,STT Paid,icicidirect,20-Aug-2021,NSE,
VEDLIM,VEDANTA LIMITED,INE205A01025,Sell,117,268.85,17.88,0.98,0.00,Rolling,STT Paid,icicidirect,20-Aug-2021,NSE,
VEDLIM,VEDANTA LIMITED,INE205A01025,Buy,45,463.20,61.61,0.66,3.50,TT,STT Paid,icicidirect,19-Mar-2025,NSE,
VEDLIM,VEDANTA LIMITED,INE205A01025,Buy,45,465.70,61.94,0.66,3.14,TT,STT Paid,icicidirect,27-Mar-2025,NSE,
VEDLIM,VEDANTA LIMITED,INE205A01025,Buy,45,375.00,49.88,0.54,2.53,TT,STT Paid,icicidirect,07-Apr-2025,NSE,
VEDLIM,VEDANTA LIMITED,INE205A01025,Sell,45,661.65,88.00,0.94,0.00,TT,STT Paid,icicidirect,30-Mar-2026,NSE,
VEDLIM,VEDANTA LIMITED,INE205A01025,Sell,45,663.75,88.28,0.95,0.00,TT,STT Paid,icicidirect,30-Mar-2026,NSE,
VEDLIM,VEDANTA LIMITED,INE205A01025,Buy,45,334.00,44.42,0.48,2.25,TT,STT Paid,icicidirect,14-May-2026,NSE,
YESBAN,YES BANK LIMITED,INE528G01035,Buy,18,334.50,41.34,0.20,0.00,Rolling,STT Paid,icicidirect,06-Feb-2018,NSE,
YESBAN,YES BANK LIMITED,INE528G01035,Sell,7,383.30,22.25,0.08,0.00,Rolling,STT Paid,icicidirect,17-Jul-2018,NSE,
YESBAN,YES BANK LIMITED,INE528G01035,Sell,6,383.30,19.07,0.07,0.00,Rolling,STT Paid,icicidirect,17-Jul-2018,NSE,
YESBAN,YES BANK LIMITED,INE528G01035,Buy,27,379.55,66.56,0.31,0.00,Rolling,STT Paid,icicidirect,09-Aug-2018,NSE,
YESBAN,YES BANK LIMITED,INE528G01035,Sell,32,367.00,76.36,0.79,0.00,Rolling,STT Paid,icicidirect,29-Aug-2018,BSE,
YESBAN,YES BANK LIMITED,INE528G01035,Buy,45,198.25,57.95,0.27,1.00,Rolling,STT Paid,icicidirect,25-Oct-2018,NSE,
YESBAN,YES BANK LIMITED,INE528G01035,Buy,29,172.35,32.47,0.15,1.00,Rolling,STT Paid,icicidirect,28-Nov-2018,NSE,
YESBAN,YES BANK LIMITED,INE528G01035,Buy,25,172.35,27.99,0.13,0.00,Rolling,STT Paid,icicidirect,28-Nov-2018,NSE,
YESBAN,YES BANK LIMITED,INE528G01035,Sell,54,163.00,57.17,0.26,0.00,Rolling,STT Paid,icicidirect,29-Nov-2018,NSE,
YESBAN,YES BANK LIMITED,INE528G01035,Sell,45,181.40,53.02,0.24,0.00,Rolling,STT Paid,icicidirect,31-Dec-2018,NSE,
YESBAN,YES BANK LIMITED,INE528G01035,Buy,810,19.90,47.64,0.51,2.42,TT,STT Paid,icicidirect,09-May-2025,NSE,
YESBAN,YES BANK LIMITED,INE528G01035,Sell,630,23.90,44.50,0.48,0.00,TT,STT Paid,icicidirect,10-Oct-2025,NSE,
